{"cameraMode":{"drawMode":0,"name":"Shaded","section":"Shading Mode"},"sceneLighting":false,"audioPlay":false,"sceneViewState":{"m_AlwaysRefresh":false,"showFog":true,"showSkybox":false,"showFlares":true,"showImageEffects":true,"showParticleSystems":true,"showVisualEffectGraphs":true,"m_FxEnabled":false},"in2DMode":false,"pivot":{"x":-0.06727541983127594,"y":0.01085963286459446,"z":-0.003997117280960083},"rotation":{"x":0.1137535572052002,"y":2.7532955471087918e-8,"z":6.424797902582213e-7,"w":0.9935124516487122},"size":0.21650642156600953,"orthographic":true}