{"cameraMode":{"drawMode":0,"name":"Shaded","section":"Shading Mode"},"sceneLighting":false,"audioPlay":false,"sceneViewState":{"m_AlwaysRefresh":false,"showFog":true,"showSkybox":true,"showFlares":true,"showImageEffects":true,"showParticleSystems":true,"showVisualEffectGraphs":true,"m_FxEnabled":false},"in2DMode":false,"pivot":{"x":1.9764528274536133,"y":8.023554801940918,"z":3.309621810913086},"rotation":{"x":0.11149071902036667,"y":0.43695247173309328,"z":-0.054683536291122439,"w":0.8908724784851074},"size":9.736933708190918,"orthographic":true}