{"cameraMode":{"drawMode":0,"name":"Shaded","section":"Shading Mode"},"sceneLighting":false,"audioPlay":false,"sceneViewState":{"m_AlwaysRefresh":false,"showFog":true,"showSkybox":true,"showFlares":true,"showImageEffects":true,"showParticleSystems":true,"showVisualEffectGraphs":true,"m_FxEnabled":false},"in2DMode":false,"pivot":{"x":9.24554443359375,"y":7.997507095336914,"z":4.103703498840332},"rotation":{"x":-0.04944551736116409,"y":0.03744611144065857,"z":0.0018538821022957564,"w":0.9980798959732056},"size":11.255171775817871,"orthographic":true}