{"cameraMode":{"drawMode":0,"name":"Shaded","section":"Shading Mode"},"sceneLighting":false,"audioPlay":false,"sceneViewState":{"m_AlwaysRefresh":false,"showFog":true,"showSkybox":true,"showFlares":true,"showImageEffects":true,"showParticleSystems":true,"showVisualEffectGraphs":true,"m_FxEnabled":false},"in2DMode":false,"pivot":{"x":0.5101485252380371,"y":13.189445495605469,"z":1.4259440898895264},"rotation":{"x":0.15783458948135377,"y":0.15483418107032777,"z":-0.025067579001188279,"w":0.9749336838722229},"size":11.208208084106446,"orthographic":true}