{"cameraMode":{"drawMode":0,"name":"Shaded","section":"Shading Mode"},"sceneLighting":false,"audioPlay":false,"sceneViewState":{"m_AlwaysRefresh":false,"showFog":true,"showSkybox":false,"showFlares":true,"showImageEffects":true,"showParticleSystems":true,"showVisualEffectGraphs":true,"m_FxEnabled":false},"in2DMode":false,"pivot":{"x":0.015862353146076204,"y":-0.03903253376483917,"z":-0.18186497688293458},"rotation":{"x":0.029967183247208597,"y":-0.04346698522567749,"z":0.001304482575505972,"w":0.9986069202423096},"size":0.6928550004959106,"orthographic":true}