{"cameraMode":{"drawMode":0,"name":"Shaded","section":"Shading Mode"},"sceneLighting":false,"audioPlay":false,"sceneViewState":{"m_AlwaysRefresh":false,"showFog":true,"showSkybox":false,"showFlares":true,"showImageEffects":true,"showParticleSystems":true,"showVisualEffectGraphs":true,"m_FxEnabled":false},"in2DMode":false,"pivot":{"x":-0.0064217750914394859,"y":0.8373603224754334,"z":-0.0008202791213989258},"rotation":{"x":-0.1699424833059311,"y":0.13844764232635499,"z":0.024121955037117006,"w":0.975382387638092},"size":0.21650634706020356,"orthographic":true}